{
"lengthUnit": "mil",
"components": {
	"fields": ["COMPONENT_NO", "COMPONENT_NAME", "LAYER", "X_COORDINATE", "Y_COORDINATE", "ANGLE"],
	"rows": [
		[1, "C1", "T", 1875, 820, 0],
		[2, "C2", "T", 2105, 985, 90],
		[3, "C3", "T", 2485, 165, 90],
		[4, "C4", "T", 2245.21, 160.61, 90],
		[5, "C5", "T", 2015, 620, 90],
		[6, "C6", "T", 1925, 650, 0],
		[7, "C7", "T", 1925, 585, 0],
		[8, "C8", "T", 2270, 495, 90],
		[9, "C9", "T", 2325, 495, 90],
		[10, "C10", "T", 2517.56, 467.56, 180],
		[11, "C11", "T", 2520, 750, 180],
		[12, "C13", "T", 2210, 495, 90],
		[13, "C14", "T", 2450, 1020, 90],
		[14, "C17", "T", 570, 685, 180],
		[15, "C19", "T", 455, 685, 0],
		[16, "C24", "T", 550, 185, 90],
		[17, "C25", "T", 615, 185, 90],
		[18, "C26", "T", 485, 185, 90],
		[19, "C27", "T", 295, 85, 0],
		[20, "C28", "T", 415, 85, 0],
		[21, "C29", "T", 785, 865, 270],
		[22, "C30", "T", 570, 960, 0],
		[23, "C31", "T", 610, 760, 0],
		[24, "C32", "T", 685, 115, 270],
		[25, "C33", "T", 2515, 815, 180],
		[26, "C34", "T", 1770, 890, 90],
		[27, "C35", "T", 1710, 890, 270],
		[28, "C36", "T", 700, 545, 180],
		[29, "D1", "T", 2560, 1095, 0],
		[30, "D2", "T", 1470, 995, 0],
		[31, "D3", "T", 1973.02, 995, 0],
		[32, "D4", "T", 585, 860, 270],
		[33, "D6", "T", 700, 680, 0],
		[34, "D7", "T", 700, 615, 0],
		[35, "H9", "T", 1085, 520, 180],
		[36, "KEY1", "T", 260, 915, 180],
		[37, "L1", "T", 510, 825, 90],
		[38, "P1", "T", 1532.09, 442.21, 0],
		[39, "P2", "T", 1357.09, 436.06, 0],
		[40, "Q6", "T", 2405, 360, 90],
		[41, "Q7", "T", 2165, 360, 90],
		[42, "Q8", "T", 1950, 370, 90],
		[43, "Q9", "T", 2650, 485, 180],
		[44, "Q10", "T", 2650, 655, 180],
		[45, "Q11", "T", 1445, 615, 90],
		[46, "Q12", "T", 1445, 835, 90],
		[47, "R1", "T", 1890, 495, 90],
		[48, "R2", "T", 1990, 820, 180],
		[49, "R3", "T", 1880, 875, 180],
		[50, "R4", "T", 1880, 930, 180],
		[51, "R5", "T", 1990, 930, 0],
		[52, "R6", "T", 1990, 875, 0],
		[53, "R8", "T", 1990, 765, 0],
		[54, "R9", "T", 1990, 710, 0],
		[55, "R10", "T", 1875, 765, 180],
		[56, "R11", "T", 1875, 710, 180],
		[57, "R12", "T", 2165, 255, 0],
		[58, "R13", "T", 2415, 260, 180],
		[59, "R14", "T", 2155.21, 155.61, 90],
		[60, "R15", "T", 2550.21, 165.61, 90],
		[61, "R16", "T", 2395.21, 160.61, 90],
		[62, "R17", "T", 2310, 160, 90],
		[63, "R18", "T", 1715, 625, 270],
		[64, "R20", "T", 1835, 495, 90],
		[65, "R21", "T", 1835, 615, 270],
		[66, "R22", "T", 2270, 985, 270],
		[67, "R23", "T", 2325, 985, 270],
		[68, "R24", "T", 2165, 985, 270],
		[69, "R25", "T", 2220, 985, 90],
		[70, "R26", "T", 2355, 1070, 180],
		[71, "R27", "T", 2375, 985, 270],
		[72, "R28", "T", 2050, 495, 90],
		[73, "R29", "T", 2520, 1005, 90],
		[74, "R30", "T", 2580, 1005, 270],
		[75, "R31", "T", 2520, 635, 0],
		[76, "R32", "T", 2520, 685, 0],
		[77, "R33", "T", 2520, 530, 0],
		[78, "R34", "T", 2520, 585, 0],
		[79, "R35", "T", 2380, 495, 270],
		[80, "R36", "T", 2435, 495, 270],
		[81, "R37", "T", 2105, 495, 270],
		[82, "R38", "T", 2155, 495, 270],
		[83, "R39", "T", 1940, 495, 270],
		[84, "R40", "T", 1995, 495, 270],
		[85, "R54", "T", 835, 1102.33, 270],
		[86, "R55", "T", 780, 1105, 90],
		[87, "R56", "T", 720, 760, 180],
		[88, "R57", "T", 830, 760, 180],
		[89, "R58", "T", 1262.37, 1119.3, 180],
		[90, "R60", "T", 1654.22, 1111.51, 180],
		[91, "R61", "T", 2014.99, 1110.06, 180],
		[92, "R62", "T", 926.37, 1113.19, 180],
		[93, "R64", "T", 2670, 840, 90],
		[94, "R65", "T", 2545, 325, 270],
		[95, "R66", "T", 2295, 320, 270],
		[96, "R67", "T", 2055, 345, 270],
		[97, "R68", "T", 1760, 385, 180],
		[98, "R69", "T", 1761, 305.64, 0],
		[99, "R70", "T", 475, 1096.79, 270],
		[100, "R71", "T", 750, 115, 270],
		[101, "R72", "T", 820, 115, 270],
		[102, "R73", "T", 860, 580, 90],
		[103, "R74", "T", 800, 580, 90],
		[104, "SW13", "T", 180, 635, 0],
		[105, "SW14", "T", 630, 1090, 0],
		[106, "U4", "T", 2252.32, 745.16, 0],
		[107, "U5", "T", 2510, 900, 0],
		[108, "U6", "T", 1870, 165, 0],
		[109, "U7", "T", 505, 450, 0],
		[110, "U8", "T", 365, 190, 0],
		[111, "U9", "T", 685, 875, 270],
		[112, "U10", "T", 850, 845, 270],
		[113, "U11", "T", 760, 345, 0],
		[114, "U12", "T", 180, 385, 270],
		[115, "U13", "T", 2190, 1110, 180],
		[116, "U14", "T", 1085, 1110, 180],
		[117, "U15", "T", 1440, 1110, 180],
		[118, "U16", "T", 1825, 1110, 180]
	]
},
"pins": {
	"fields": ["PIN_NO", "PIN_NAME", "PIN_X", "PIN_Y", "LAYER", "PIN_TYPE", "NET_NAME", "NET_TYPE", "PAD_SHAPE", "PAD_SIZEX", "PAD_SIZEY", "HOLE_SIZE", "PAD_ANGLE"],
	"rows": [
		[1, "C1_1", 1847.44, 820, "T", "SMD", "SH_+3.3V", "", "R", 31.5, 35.43, 0, 0],
		[2, "C1_2", 1902.56, 820, "T", "SMD", "GND", "GND", "R", 31.5, 35.43, 0, 0],
		[3, "C2_1", 2105, 957.44, "T", "SMD", "SH_+3.3V", "", "R", 31.5, 35.43, 0, 90],
		[4, "C2_2", 2105, 1012.56, "T", "SMD", "GND", "GND", "R", 31.5, 35.43, 0, 90],
		[5, "C3_1", 2485, 137.44, "T", "SMD", "GND", "GND", "R", 31.5, 35.43, 0, 90],
		[6, "C3_2", 2485, 192.56, "T", "SMD", "$1N2189", "", "R", 31.5, 35.43, 0, 90],
		[7, "C4_1", 2245.21, 133.05, "T", "SMD", "GND", "GND", "R", 31.5, 35.43, 0, 90],
		[8, "C4_2", 2245.21, 188.17, "T", "SMD", "$1N2187", "", "R", 31.5, 35.43, 0, 90],
		[9, "C5_1", 2015, 592.44, "T", "SMD", "$1N2545", "", "R", 31.5, 35.43, 0, 90],
		[10, "C5_2", 2015, 647.56, "T", "SMD", "$1N2550", "", "R", 31.5, 35.43, 0, 90],
		[11, "C6_1", 1897.44, 650, "T", "SMD", "GND", "GND", "R", 31.5, 35.43, 0, 0],
		[12, "C6_2", 1952.56, 650, "T", "SMD", "$1N2550", "", "R", 31.5, 35.43, 0, 0],
		[13, "C7_1", 1897.44, 585, "T", "SMD", "GND", "GND", "R", 31.5, 35.43, 0, 0],
		[14, "C7_2", 1952.56, 585, "T", "SMD", "$1N2545", "", "R", 31.5, 35.43, 0, 0],
		[15, "C8_1", 2270, 467.44, "T", "SMD", "GND", "GND", "R", 31.5, 35.43, 0, 90],
		[16, "C8_2", 2270, 522.56, "T", "SMD", "$1N2395", "", "R", 31.5, 35.43, 0, 90],
		[17, "C9_1", 2325, 467.44, "T", "SMD", "GND", "GND", "R", 31.5, 35.43, 0, 90],
		[18, "C9_2", 2325, 522.56, "T", "SMD", "$1N2390", "", "R", 31.5, 35.43, 0, 90],
		[19, "C10_1", 2545.12, 467.56, "T", "SMD", "GND", "GND", "R", 31.5, 35.43, 0, 180],
		[20, "C10_2", 2490, 467.56, "T", "SMD", "$1N3087", "", "R", 31.5, 35.43, 0, 180],
		[21, "C11_1", 2547.56, 750, "T", "SMD", "GND", "GND", "R", 31.5, 35.43, 0, 180],
		[22, "C11_2", 2492.44, 750, "T", "SMD", "$1N3093", "", "R", 31.5, 35.43, 0, 180],
		[23, "C13_1", 2210, 467.44, "T", "SMD", "GND", "GND", "R", 31.5, 35.43, 0, 90],
		[24, "C13_2", 2210, 522.56, "T", "SMD", "$1N1320", "", "R", 31.5, 35.43, 0, 90],
		[25, "C14_1", 2450, 980.63, "T", "SMD", "GND", "GND", "R", 55.51, 53.15, 0, 90],
		[26, "C14_2", 2450, 1059.37, "T", "SMD", "$1N3779", "", "R", 55.51, 53.15, 0, 90],
		[27, "C17_1", 597.56, 685, "T", "SMD", "GND", "GND", "R", 31.5, 35.43, 0, 180],
		[28, "C17_2", 542.44, 685, "T", "SMD", "MCU+3.3V", "", "R", 31.5, 35.43, 0, 180],
		[29, "C19_1", 427.44, 685, "T", "SMD", "GND", "GND", "R", 31.5, 35.43, 0, 0],
		[30, "C19_2", 482.56, 685, "T", "SMD", "MCU+3.3V", "", "R", 31.5, 35.43, 0, 0],
		[31, "C24_1", 550, 157.44, "T", "SMD", "GND", "GND", "R", 31.5, 35.43, 0, 90],
		[32, "C24_2", 550, 212.56, "T", "SMD", "MCU+3.3V", "", "R", 31.5, 35.43, 0, 90],
		[33, "C25_1", 615, 157.44, "T", "SMD", "GND", "GND", "R", 31.5, 35.43, 0, 90],
		[34, "C25_2", 615, 212.56, "T", "SMD", "MCU+3.3V", "", "R", 31.5, 35.43, 0, 90],
		[35, "C26_1", 485, 157.44, "T", "SMD", "GND", "GND", "R", 31.5, 35.43, 0, 90],
		[36, "C26_2", 485, 212.56, "T", "SMD", "NRST", "", "R", 31.5, 35.43, 0, 90],
		[37, "C27_1", 267.44, 85, "T", "SMD", "GND", "GND", "R", 31.5, 35.43, 0, 0],
		[38, "C27_2", 322.56, 85, "T", "SMD", "OSC_IN", "", "R", 31.5, 35.43, 0, 0],
		[39, "C28_1", 387.44, 85, "T", "SMD", "GND", "GND", "R", 31.5, 35.43, 0, 0],
		[40, "C28_2", 442.56, 85, "T", "SMD", "OSC_OUT", "", "R", 31.5, 35.43, 0, 0],
		[41, "C29_1", 785, 904.37, "T", "SMD", "$1N9618", "", "R", 55.51, 53.15, 0, 270],
		[42, "C29_2", 785, 825.63, "T", "SMD", "GND", "GND", "R", 55.51, 53.15, 0, 270],
		[43, "C30_1", 542.44, 960, "T", "SMD", "$1N9847", "", "R", 31.5, 35.43, 0, 0],
		[44, "C30_2", 597.56, 960, "T", "SMD", "$1N9920", "", "R", 31.5, 35.43, 0, 0],
		[45, "C31_1", 582.44, 760, "T", "SMD", "MCU+3.3V", "", "R", 31.5, 35.43, 0, 0],
		[46, "C31_2", 637.56, 760, "T", "SMD", "GND", "GND", "R", 31.5, 35.43, 0, 0],
		[47, "C32_1", 685, 142.56, "T", "SMD", "MCU+3.3V", "", "R", 31.5, 35.43, 0, 270],
		[48, "C32_2", 685, 87.44, "T", "SMD", "GND", "GND", "R", 31.5, 35.43, 0, 270],
		[49, "C33_1", 2554.37, 815, "T", "SMD", "GND", "GND", "R", 55.51, 53.15, 0, 180],
		[50, "C33_2", 2475.63, 815, "T", "SMD", "$1N16122", "", "R", 55.51, 53.15, 0, 180],
		[51, "C34_1", 1770, 862.44, "T", "SMD", "$1N16008", "", "R", 31.5, 35.43, 0, 90],
		[52, "C34_2", 1770, 917.56, "T", "SMD", "VBAT+", "", "R", 31.5, 35.43, 0, 90],
		[53, "C35_1", 1710, 917.56, "T", "SMD", "$1N16448", "", "R", 31.5, 35.43, 0, 270],
		[54, "C35_2", 1710, 862.44, "T", "SMD", "$1N16008", "", "R", 31.5, 35.43, 0, 270],
		[55, "C36_1", 727.56, 545, "T", "SMD", "SGND", "", "R", 31.5, 35.43, 0, 180],
		[56, "C36_2", 672.44, 545, "T", "SMD", "S+3.3V", "", "R", 31.5, 35.43, 0, 180],
		[57, "D1_1", 2513.84, 1095, "T", "SMD", "$1N5369", "", "R", 39.37, 29.53, 0, 0],
		[58, "D1_2", 2606.16, 1095, "T", "SMD", "$1N3779", "", "R", 39.37, 29.53, 0, 0],
		[59, "D2_1", 1369, 995, "T", "SMD", "VBAT+", "", "R", 86.61, 66.93, 0, 0],
		[60, "D2_2", 1571, 995, "T", "SMD", "$1N16448", "", "R", 86.61, 66.93, 0, 0],
		[61, "D3_1", 1926.86, 995, "T", "SMD", "MCU+3.3V", "", "R", 39.37, 29.53, 0, 0],
		[62, "D3_2", 2019.19, 995, "T", "SMD", "SH_+3.3V", "", "R", 39.37, 29.53, 0, 0],
		[63, "D4_1", 585, 906.16, "T", "SMD", "$1N9847", "", "R", 39.37, 29.53, 0, 270],
		[64, "D4_2", 585, 813.84, "T", "SMD", "GND", "GND", "R", 39.37, 29.53, 0, 270],
		[65, "D6_1", 653.84, 680, "T", "SMD", "S+3.3V", "", "R", 39.37, 29.53, 0, 0],
		[66, "D6_2", 746.16, 680, "T", "SMD", "$1N26714", "", "R", 39.37, 29.53, 0, 0],
		[67, "D7_1", 653.84, 615, "T", "SMD", "S+3.3V", "", "R", 39.37, 29.53, 0, 0],
		[68, "D7_2", 746.16, 615, "T", "SMD", "$1N26707", "", "R", 39.37, 29.53, 0, 0],
		[69, "H9_1", 1085, 236.54, "T", "DIP", "POGND", "", "C", 228.35, 228.35, 173.23, 180],
		[70, "H9_1", 1085, 236.54, "B", "DIP", "POGND", "", "C", 228.35, 228.35, 173.23, 180],
		[71, "H9_2", 1085, 520, "T", "DIP", "VBAT+", "", "C", 228.35, 228.35, 173.23, 180],
		[72, "H9_2", 1085, 520, "B", "DIP", "VBAT+", "", "C", 228.35, 228.35, 173.23, 180],
		[73, "H9_3", 1155.87, 764.09, "T", "DIP", "SGND", "", "C", 118.11, 118.11, 98.43, 180],
		[74, "H9_3", 1155.87, 764.09, "B", "DIP", "SGND", "", "C", 118.11, 118.11, 98.43, 180],
		[75, "H9_4", 1014.13, 764.09, "T", "DIP", "USART_TX2", "", "C", 118.11, 118.11, 98.43, 180],
		[76, "H9_4", 1014.13, 764.09, "B", "DIP", "USART_TX2", "", "C", 118.11, 118.11, 98.43, 180],
		[77, "H9_5", 1155.87, 905.83, "T", "DIP", "S+3.3V", "", "C", 118.11, 118.11, 98.43, 180],
		[78, "H9_5", 1155.87, 905.83, "B", "DIP", "S+3.3V", "", "C", 118.11, 118.11, 98.43, 180],
		[79, "H9_6", 1014.13, 905.83, "T", "DIP", "USART_RX2", "", "C", 118.11, 118.11, 98.43, 180],
		[80, "H9_6", 1014.13, 905.83, "B", "DIP", "USART_RX2", "", "C", 118.11, 118.11, 98.43, 180],
		[81, "KEY1_1", 387.95, 826.42, "T", "DIP", "PA0", "", "C", 60, 60, 36, 180],
		[82, "KEY1_1", 387.95, 826.42, "B", "DIP", "PA0", "", "C", 60, 60, 36, 180],
		[83, "KEY1_2", 132.05, 826.42, "T", "DIP", "PA0", "", "C", 60, 60, 36, 180],
		[84, "KEY1_2", 132.05, 826.42, "B", "DIP", "PA0", "", "C", 60, 60, 36, 180],
		[85, "KEY1_3", 387.95, 1003.58, "T", "DIP", "MCU+3.3V", "", "C", 60, 60, 36, 180],
		[86, "KEY1_3", 387.95, 1003.58, "B", "DIP", "MCU+3.3V", "", "C", 60, 60, 36, 180],
		[87, "KEY1_4", 132.05, 1003.58, "T", "DIP", "MCU+3.3V", "", "C", 60, 60, 36, 180],
		[88, "KEY1_4", 132.05, 1003.58, "B", "DIP", "MCU+3.3V", "", "C", 60, 60, 36, 180],
		[89, "KEY1_5", 260, 804.76, "T", "DIP", "LED0", "", "C", 60, 60, 36, 180],
		[90, "KEY1_5", 260, 804.76, "B", "DIP", "LED0", "", "C", 60, 60, 36, 180],
		[91, "KEY1_6", 260, 1025.24, "T", "DIP", "$1N16731", "", "C", 60, 60, 36, 180],
		[92, "KEY1_6", 260, 1025.24, "B", "DIP", "$1N16731", "", "C", 60, 60, 36, 180],
		[93, "L1_1", 510, 762.3, "T", "SMD", "MCU+3.3V", "", "R", 58.47, 68.03, 0, 90],
		[94, "L1_2", 510, 887.7, "T", "SMD", "$1N9847", "", "R", 58.47, 68.03, 0, 90],
		[95, "P1_1", 1532.09, 442.21, "T", "DIP", "$1N16448", "", "C", 114.17, 114.17, 82.68, 0],
		[96, "P1_1", 1532.09, 442.21, "B", "DIP", "$1N16448", "", "C", 114.17, 114.17, 82.68, 0],
		[97, "P2_1", 1357.09, 436.06, "T", "DIP", "VBAT+", "", "C", 114.17, 114.17, 82.68, 0],
		[98, "P2_1", 1357.09, 436.06, "B", "DIP", "VBAT+", "", "C", 114.17, 114.17, 82.68, 0],
		[99, "Q6_1", 2442.4, 399.37, "T", "SMD", "$1N4065", "", "R", 49.21, 27.56, 0, 90],
		[100, "Q6_2", 2367.6, 399.37, "T", "SMD", "$1N4220", "", "R", 49.21, 27.56, 0, 90],
		[101, "Q6_3", 2405, 320.63, "T", "SMD", "$1N15480", "", "R", 49.21, 27.56, 0, 90],
		[102, "Q7_1", 2202.4, 399.37, "T", "SMD", "$1N4115", "", "R", 49.21, 27.56, 0, 90],
		[103, "Q7_2", 2127.6, 399.37, "T", "SMD", "$1N4226", "", "R", 49.21, 27.56, 0, 90],
		[104, "Q7_3", 2165, 320.63, "T", "SMD", "$1N15506", "", "R", 49.21, 27.56, 0, 90],
		[105, "Q8_1", 1987.4, 409.37, "T", "SMD", "$1N4165", "", "R", 49.21, 27.56, 0, 90],
		[106, "Q8_2", 1912.6, 409.37, "T", "SMD", "$1N4232", "", "R", 49.21, 27.56, 0, 90],
		[107, "Q8_3", 1950, 330.63, "T", "SMD", "$1N15532", "", "R", 49.21, 27.56, 0, 90],
		[108, "Q9_1", 2610.63, 522.4, "T", "SMD", "$1N4014", "", "R", 49.21, 27.56, 0, 180],
		[109, "Q9_2", 2610.63, 447.6, "T", "SMD", "$1N4198", "", "R", 49.21, 27.56, 0, 180],
		[110, "Q9_3", 2689.37, 485, "T", "SMD", "$1N15454", "", "R", 49.21, 27.56, 0, 180],
		[111, "Q10_1", 2610.63, 692.4, "T", "SMD", "$1N3964", "", "R", 49.21, 27.56, 0, 180],
		[112, "Q10_2", 2610.63, 617.6, "T", "SMD", "VBAT+", "", "R", 49.21, 27.56, 0, 180],
		[113, "Q10_3", 2689.37, 655, "T", "SMD", "$1N15428", "", "R", 49.21, 27.56, 0, 180],
		[114, "Q11_1", 1559.17, 540, "T", "SMD", "$1N16448", "", "R", 27.56, 39.37, 0, 90],
		[115, "Q11_2", 1559.17, 590, "T", "SMD", "$1N16448", "", "R", 27.56, 39.37, 0, 90],
		[116, "Q11_3", 1559.17, 640, "T", "SMD", "$1N16448", "", "R", 27.56, 39.37, 0, 90],
		[117, "Q11_4", 1559.17, 690, "T", "SMD", "$1N2939", "", "R", 27.56, 39.37, 0, 90],
		[118, "Q11_5", 1330.83, 690, "T", "SMD", "$1N16427", "", "R", 27.56, 39.37, 0, 90],
		[119, "Q11_6", 1330.83, 640, "T", "SMD", "$1N16427", "", "R", 27.56, 39.37, 0, 90],
		[120, "Q11_7", 1330.83, 590, "T", "SMD", "$1N16427", "", "R", 27.56, 39.37, 0, 90],
		[121, "Q11_8", 1425, 615, "T", "SMD", "$1N16427", "", "R", 177.56, 157.48, 0, 90],
		[122, "Q11_8", 1330.83, 540, "T", "SMD", "$1N16427", "", "R", 27.56, 39.37, 0, 90],
		[123, "Q12_1", 1559.17, 760, "T", "SMD", "$1N2582", "", "R", 27.56, 39.37, 0, 90],
		[124, "Q12_2", 1559.17, 810, "T", "SMD", "$1N2582", "", "R", 27.56, 39.37, 0, 90],
		[125, "Q12_3", 1559.17, 860, "T", "SMD", "$1N2582", "", "R", 27.56, 39.37, 0, 90],
		[126, "Q12_4", 1559.17, 910, "T", "SMD", "$1N2941", "", "R", 27.56, 39.37, 0, 90],
		[127, "Q12_5", 1330.83, 910, "T", "SMD", "$1N16427", "", "R", 27.56, 39.37, 0, 90],
		[128, "Q12_6", 1330.83, 860, "T", "SMD", "$1N16427", "", "R", 27.56, 39.37, 0, 90],
		[129, "Q12_7", 1330.83, 810, "T", "SMD", "$1N16427", "", "R", 27.56, 39.37, 0, 90],
		[130, "Q12_8", 1425, 835, "T", "SMD", "$1N16427", "", "R", 177.56, 157.48, 0, 90],
		[131, "Q12_8", 1330.83, 760, "T", "SMD", "$1N16427", "", "R", 27.56, 39.37, 0, 90],
		[132, "R1_1", 1890, 465.34, "T", "SMD", "GND", "GND", "R", 31.75, 34.02, 0, 90],
		[133, "R1_2", 1890, 524.66, "T", "SMD", "$1N1320", "", "R", 31.75, 34.02, 0, 90],
		[134, "R2_1", 2019.66, 820, "T", "SMD", "$1N1741", "", "R", 31.75, 34.02, 0, 180],
		[135, "R2_2", 1960.34, 820, "T", "SMD", "SH_+3.3V", "", "R", 31.75, 34.02, 0, 180],
		[136, "R3_1", 1909.66, 875, "T", "SMD", "SCL", "", "R", 31.75, 34.02, 0, 180],
		[137, "R3_2", 1850.34, 875, "T", "SMD", "SH_+3.3V", "", "R", 31.75, 34.02, 0, 180],
		[138, "R4_1", 1909.66, 930, "T", "SMD", "SDA", "", "R", 31.75, 34.02, 0, 180],
		[139, "R4_2", 1850.34, 930, "T", "SMD", "SH_+3.3V", "", "R", 31.75, 34.02, 0, 180],
		[140, "R5_1", 1960.34, 930, "T", "SMD", "SDA", "", "R", 31.75, 34.02, 0, 0],
		[141, "R5_2", 2019.66, 930, "T", "SMD", "$1N1728", "", "R", 31.75, 34.02, 0, 0],
		[142, "R6_1", 1960.34, 875, "T", "SMD", "SCL", "", "R", 31.75, 34.02, 0, 0],
		[143, "R6_2", 2019.66, 875, "T", "SMD", "$1N1734", "", "R", 31.75, 34.02, 0, 0],
		[144, "R8_1", 1960.34, 765, "T", "SMD", "ALARM", "", "R", 31.75, 34.02, 0, 0],
		[145, "R8_2", 2019.66, 765, "T", "SMD", "$1N1748", "", "R", 31.75, 34.02, 0, 0],
		[146, "R9_1", 1960.34, 710, "T", "SMD", "RESET", "", "R", 31.75, 34.02, 0, 0],
		[147, "R9_2", 2019.66, 710, "T", "SMD", "$1N1755", "", "R", 31.75, 34.02, 0, 0],
		[148, "R10_1", 1904.66, 765, "T", "SMD", "ALARM", "", "R", 31.75, 34.02, 0, 180],
		[149, "R10_2", 1845.34, 765, "T", "SMD", "SH_+3.3V", "", "R", 31.75, 34.02, 0, 180],
		[150, "R11_1", 1904.66, 710, "T", "SMD", "RESET", "", "R", 31.75, 34.02, 0, 180],
		[151, "R11_2", 1845.34, 710, "T", "SMD", "SH_+3.3V", "", "R", 31.75, 34.02, 0, 180],
		[152, "R12_1", 2135.34, 255, "T", "SMD", "$1N2187", "", "R", 31.75, 34.02, 0, 0],
		[153, "R12_2", 2194.66, 255, "T", "SMD", "$1N2284", "", "R", 31.75, 34.02, 0, 0],
		[154, "R13_1", 2444.66, 260, "T", "SMD", "$1N2189", "", "R", 31.75, 34.02, 0, 180],
		[155, "R13_2", 2385.34, 260, "T", "SMD", "$1N2279", "", "R", 31.75, 34.02, 0, 180],
		[156, "R14_1", 2155.21, 122.15, "T", "DIP", "GND", "GND", "C", 39.37, 39.37, 21.65, 90],
		[157, "R14_1", 2155.21, 122.15, "B", "DIP", "GND", "GND", "C", 39.37, 39.37, 21.65, 90],
		[158, "R14_2", 2155.21, 189.08, "T", "DIP", "$1N2187", "", "C", 39.37, 39.37, 21.65, 90],
		[159, "R14_2", 2155.21, 189.08, "B", "DIP", "$1N2187", "", "C", 39.37, 39.37, 21.65, 90],
		[160, "R15_1", 2550.21, 135.95, "T", "SMD", "GND", "GND", "R", 31.75, 34.02, 0, 90],
		[161, "R15_2", 2550.21, 195.27, "T", "SMD", "$1N2189", "", "R", 31.75, 34.02, 0, 90],
		[162, "R16_1", 2395.21, 127.15, "T", "DIP", "GND", "GND", "C", 39.37, 39.37, 21.65, 90],
		[163, "R16_1", 2395.21, 127.15, "B", "DIP", "GND", "GND", "C", 39.37, 39.37, 21.65, 90],
		[164, "R16_2", 2395.21, 194.08, "T", "DIP", "$1N2189", "", "C", 39.37, 39.37, 21.65, 90],
		[165, "R16_2", 2395.21, 194.08, "B", "DIP", "$1N2189", "", "C", 39.37, 39.37, 21.65, 90],
		[166, "R17_1", 2310, 130.34, "T", "SMD", "GND", "GND", "R", 31.75, 34.02, 0, 90],
		[167, "R17_2", 2310, 189.66, "T", "SMD", "$1N2187", "", "R", 31.75, 34.02, 0, 90],
		[168, "R18_1", 1715, 747.04, "T", "SMD", "$1N2582", "", "R", 98.42, 133.86, 0, 270],
		[169, "R18_2", 1715, 502.96, "T", "SMD", "POGND", "", "R", 98.42, 133.86, 0, 270],
		[170, "R20_1", 1835, 465.34, "T", "SMD", "POGND", "", "R", 31.75, 34.02, 0, 90],
		[171, "R20_2", 1835, 524.66, "T", "SMD", "$1N2545", "", "R", 31.75, 34.02, 0, 90],
		[172, "R21_1", 1835, 644.66, "T", "SMD", "$1N2582", "", "R", 31.75, 34.02, 0, 270],
		[173, "R21_2", 1835, 585.34, "T", "SMD", "$1N2550", "", "R", 31.75, 34.02, 0, 270],
		[174, "R22_1", 2270, 1014.66, "T", "SMD", "$1N16427", "", "R", 31.75, 34.02, 0, 270],
		[175, "R22_2", 2270, 955.34, "T", "SMD", "DSGD", "", "R", 31.75, 34.02, 0, 270],
		[176, "R23_1", 2325, 1014.66, "T", "SMD", "$1N2939", "", "R", 31.75, 34.02, 0, 270],
		[177, "R23_2", 2325, 955.34, "T", "SMD", "CHG", "", "R", 31.75, 34.02, 0, 270],
		[178, "R24_1", 2165, 1014.66, "T", "SMD", "$1N2941", "", "R", 31.75, 34.02, 0, 270],
		[179, "R24_2", 2165, 955.34, "T", "SMD", "DSG", "", "R", 31.75, 34.02, 0, 270],
		[180, "R25_1", 2220, 955.34, "T", "SMD", "$1N2582", "", "R", 31.75, 34.02, 0, 90],
		[181, "R25_2", 2220, 1014.66, "T", "SMD", "$1N2941", "", "R", 31.75, 34.02, 0, 90],
		[182, "R26_1", 2384.66, 1070, "T", "SMD", "$1N16448", "", "R", 31.75, 34.02, 0, 180],
		[183, "R26_2", 2325.34, 1070, "T", "SMD", "$1N2939", "", "R", 31.75, 34.02, 0, 180],
		[184, "R27_1", 2375, 1014.66, "T", "SMD", "$1N16448", "", "R", 31.75, 34.02, 0, 270],
		[185, "R27_2", 2375, 955.34, "T", "SMD", "CHGD", "", "R", 31.75, 34.02, 0, 270],
		[186, "R28_1", 2050, 465.34, "T", "SMD", "GND", "GND", "R", 31.75, 34.02, 0, 90],
		[187, "R28_2", 2050, 524.66, "T", "SMD", "$1N2395", "", "R", 31.75, 34.02, 0, 90],
		[188, "R29_1", 2520, 975.34, "T", "SMD", "$1N16122", "", "R", 31.75, 34.02, 0, 90],
		[189, "R29_2", 2520, 1034.66, "T", "SMD", "$1N5369", "", "R", 31.75, 34.02, 0, 90],
		[190, "R30_1", 2580, 1034.66, "T", "SMD", "$1N3779", "", "R", 31.75, 34.02, 0, 270],
		[191, "R30_2", 2580, 975.34, "T", "SMD", "VBAT+", "", "R", 31.75, 34.02, 0, 270],
		[192, "R31_1", 2490.34, 635, "T", "SMD", "$1N3093", "", "R", 31.75, 34.02, 0, 0],
		[193, "R31_2", 2549.66, 635, "T", "SMD", "VBAT+", "", "R", 31.75, 34.02, 0, 0],
		[194, "R32_1", 2490.34, 685, "T", "SMD", "$1N3093", "", "R", 31.75, 34.02, 0, 0],
		[195, "R32_2", 2549.66, 685, "T", "SMD", "$1N3964", "", "R", 31.75, 34.02, 0, 0],
		[196, "R33_1", 2490.34, 530, "T", "SMD", "$1N3087", "", "R", 31.75, 34.02, 0, 0],
		[197, "R33_2", 2549.66, 530, "T", "SMD", "$1N4198", "", "R", 31.75, 34.02, 0, 0],
		[198, "R34_1", 2490.34, 585, "T", "SMD", "$1N3087", "", "R", 31.75, 34.02, 0, 0],
		[199, "R34_2", 2549.66, 585, "T", "SMD", "$1N4014", "", "R", 31.75, 34.02, 0, 0],
		[200, "R35_1", 2380, 524.66, "T", "SMD", "$1N2390", "", "R", 31.75, 34.02, 0, 270],
		[201, "R35_2", 2380, 465.34, "T", "SMD", "$1N4220", "", "R", 31.75, 34.02, 0, 270],
		[202, "R36_1", 2435, 524.66, "T", "SMD", "$1N2390", "", "R", 31.75, 34.02, 0, 270],
		[203, "R36_2", 2435, 465.34, "T", "SMD", "$1N4065", "", "R", 31.75, 34.02, 0, 270],
		[204, "R37_1", 2105, 524.66, "T", "SMD", "$1N2395", "", "R", 31.75, 34.02, 0, 270],
		[205, "R37_2", 2105, 465.34, "T", "SMD", "$1N4226", "", "R", 31.75, 34.02, 0, 270],
		[206, "R38_1", 2155, 524.66, "T", "SMD", "$1N2395", "", "R", 31.75, 34.02, 0, 270],
		[207, "R38_2", 2155, 465.34, "T", "SMD", "$1N4115", "", "R", 31.75, 34.02, 0, 270],
		[208, "R39_1", 1940, 524.66, "T", "SMD", "$1N1320", "", "R", 31.75, 34.02, 0, 270],
		[209, "R39_2", 1940, 465.34, "T", "SMD", "$1N4232", "", "R", 31.75, 34.02, 0, 270],
		[210, "R40_1", 1995, 524.66, "T", "SMD", "$1N1320", "", "R", 31.75, 34.02, 0, 270],
		[211, "R40_2", 1995, 465.34, "T", "SMD", "$1N4165", "", "R", 31.75, 34.02, 0, 270],
		[212, "R54_1", 835, 1131.99, "T", "SMD", "GND", "GND", "R", 31.75, 34.02, 0, 270],
		[213, "R54_2", 835, 1072.67, "T", "SMD", "BOOT0", "", "R", 31.75, 34.02, 0, 270],
		[214, "R55_1", 780, 1075.34, "T", "SMD", "MCU+3.3V", "", "R", 31.75, 34.02, 0, 90],
		[215, "R55_2", 780, 1134.66, "T", "SMD", "$1N9134", "", "R", 31.75, 34.02, 0, 90],
		[216, "R56_1", 749.66, 760, "T", "SMD", "$1N9975", "", "R", 31.75, 34.02, 0, 180],
		[217, "R56_2", 690.34, 760, "T", "SMD", "MCU+3.3V", "", "R", 31.75, 34.02, 0, 180],
		[218, "R57_1", 859.66, 760, "T", "SMD", "GND", "GND", "R", 31.75, 34.02, 0, 180],
		[219, "R57_2", 800.34, 760, "T", "SMD", "$1N9975", "", "R", 31.75, 34.02, 0, 180],
		[220, "R58_1", 1292.03, 1119.3, "T", "SMD", "$1N36650", "", "R", 31.75, 34.02, 0, 180],
		[221, "R58_2", 1232.71, 1119.3, "T", "SMD", "LED2", "", "R", 31.75, 34.02, 0, 180],
		[222, "R60_1", 1683.88, 1111.51, "T", "SMD", "$1N36652", "", "R", 31.75, 34.02, 0, 180],
		[223, "R60_2", 1624.56, 1111.51, "T", "SMD", "LED1", "", "R", 31.75, 34.02, 0, 180],
		[224, "R61_1", 2044.65, 1110.06, "T", "SMD", "$1N36654", "", "R", 31.75, 34.02, 0, 180],
		[225, "R61_2", 1985.33, 1110.06, "T", "SMD", "LED4", "", "R", 31.75, 34.02, 0, 180],
		[226, "R62_1", 956.03, 1113.19, "T", "SMD", "$1N36656", "", "R", 31.75, 34.02, 0, 180],
		[227, "R62_2", 896.71, 1113.19, "T", "SMD", "LED3", "", "R", 31.75, 34.02, 0, 180],
		[228, "R64_1", 2670, 781.78, "T", "SMD", "$1N15428", "", "R", 47.54, 66.97, 0, 90],
		[229, "R64_2", 2670, 898.22, "T", "SMD", "$1N4198", "", "R", 47.54, 66.97, 0, 90],
		[230, "R65_1", 2545, 383.22, "T", "SMD", "$1N15454", "", "R", 47.54, 66.97, 0, 270],
		[231, "R65_2", 2545, 266.78, "T", "SMD", "$1N4220", "", "R", 47.54, 66.97, 0, 270],
		[232, "R66_1", 2295, 378.22, "T", "SMD", "$1N15480", "", "R", 47.54, 66.97, 0, 270],
		[233, "R66_2", 2295, 261.78, "T", "SMD", "$1N4226", "", "R", 47.54, 66.97, 0, 270],
		[234, "R67_1", 2055, 403.22, "T", "SMD", "$1N15506", "", "R", 47.54, 66.97, 0, 270],
		[235, "R67_2", 2055, 286.78, "T", "SMD", "$1N4232", "", "R", 47.54, 66.97, 0, 270],
		[236, "R68_1", 1818.22, 385, "T", "SMD", "$1N15532", "", "R", 47.54, 66.97, 0, 180],
		[237, "R68_2", 1701.78, 385, "T", "SMD", "POGND", "", "R", 47.54, 66.97, 0, 180],
		[238, "R69_1", 1731.34, 305.64, "T", "SMD", "POGND", "", "R", 31.75, 34.02, 0, 0],
		[239, "R69_2", 1790.66, 305.64, "T", "SMD", "GND", "GND", "R", 31.75, 34.02, 0, 0],
		[240, "R70_1", 475, 1126.45, "T", "SMD", "$1N16731", "", "R", 31.75, 34.02, 0, 270],
		[241, "R70_2", 475, 1067.13, "T", "SMD", "GND", "GND", "R", 31.75, 34.02, 0, 270],
		[242, "R71_1", 750, 144.66, "T", "SMD", "$1N26616", "", "R", 31.75, 34.02, 0, 270],
		[243, "R71_2", 750, 85.34, "T", "SMD", "USART_TX", "", "R", 31.75, 34.02, 0, 270],
		[244, "R72_1", 820, 144.66, "T", "SMD", "$1N26644", "", "R", 31.75, 34.02, 0, 270],
		[245, "R72_2", 820, 85.34, "T", "SMD", "USART_RX", "", "R", 31.75, 34.02, 0, 270],
		[246, "R73_1", 860, 550.34, "T", "SMD", "$1N26714", "", "R", 31.75, 34.02, 0, 90],
		[247, "R73_2", 860, 609.66, "T", "SMD", "USART_TX2", "", "R", 31.75, 34.02, 0, 90],
		[248, "R74_1", 800, 550.34, "T", "SMD", "$1N26707", "", "R", 31.75, 34.02, 0, 90],
		[249, "R74_2", 800, 609.66, "T", "SMD", "USART_RX2", "", "R", 31.75, 34.02, 0, 90],
		[250, "SW13_1", 91.42, 677.33, "T", "SMD", "NRST", "", "R", 27.56, 39.37, 0, 90],
		[251, "SW13_2", 268.58, 677.33, "T", "SMD", "NRST", "", "R", 27.56, 39.37, 0, 90],
		[252, "SW13_3", 91.42, 592.67, "T", "SMD", "GND", "GND", "R", 27.56, 39.37, 0, 90],
		[253, "SW13_4", 268.58, 592.67, "T", "SMD", "GND", "GND", "R", 27.56, 39.37, 0, 90],
		[254, "SW14_1", 541.41, 1132.33, "T", "SMD", "$1N9134", "", "R", 27.56, 39.37, 0, 90],
		[255, "SW14_2", 718.58, 1132.33, "T", "SMD", "$1N9134", "", "R", 27.56, 39.37, 0, 90],
		[256, "SW14_3", 541.41, 1047.67, "T", "SMD", "BOOT0", "", "R", 27.56, 39.37, 0, 90],
		[257, "SW14_4", 718.58, 1047.67, "T", "SMD", "BOOT0", "", "R", 27.56, 39.37, 0, 90],
		[258, "U4_1", 2158.72, 804.21, "T", "SMD", "SH_+3.3V", "", "R", 35.63, 11.02, 0, 0],
		[259, "U4_2", 2158.72, 784.53, "T", "SMD", "$1N1728", "", "R", 35.63, 11.02, 0, 0],
		[260, "U4_3", 2158.72, 764.84, "T", "SMD", "$1N1734", "", "R", 35.63, 11.02, 0, 0],
		[261, "U4_4", 2158.72, 745.16, "T", "SMD", "$1N1741", "", "R", 35.63, 11.02, 0, 0],
		[262, "U4_5", 2158.72, 725.47, "T", "SMD", "$1N1748", "", "R", 35.63, 11.02, 0, 0],
		[263, "U4_6", 2158.72, 705.79, "T", "SMD", "$1N1755", "", "R", 35.63, 11.02, 0, 0],
		[264, "U4_7", 2158.72, 686.1, "T", "SMD", "$1N2550", "", "R", 35.63, 11.02, 0, 0],
		[265, "U4_8", 2193.27, 651.56, "T", "SMD", "$1N2545", "", "R", 11.02, 35.63, 0, 0],
		[266, "U4_9", 2212.95, 651.56, "T", "SMD", "$1N2284", "", "R", 11.02, 35.63, 0, 0],
		[267, "U4_10", 2232.64, 651.56, "T", "SMD", "$1N2279", "", "R", 11.02, 35.63, 0, 0],
		[268, "U4_11", 2252.32, 651.56, "T", "SMD", "GND", "GND", "R", 11.02, 35.63, 0, 0],
		[269, "U4_12", 2272.01, 651.56, "T", "SMD", "$1N1320", "", "R", 11.02, 35.63, 0, 0],
		[270, "U4_13", 2291.69, 651.56, "T", "SMD", "$1N2395", "", "R", 11.02, 35.63, 0, 0],
		[271, "U4_14", 2311.38, 651.56, "T", "SMD", "$1N2390", "", "R", 11.02, 35.63, 0, 0],
		[272, "U4_15", 2345.92, 686.1, "T", "SMD", "$1N3087", "", "R", 35.63, 11.02, 0, 0],
		[273, "U4_16", 2345.92, 705.79, "T", "SMD", "$1N3093", "", "R", 35.63, 11.02, 0, 0],
		[274, "U4_17", 2345.92, 725.47, "T", "SMD", "$1N16122", "", "R", 35.63, 11.02, 0, 0],
		[275, "U4_18", 2345.92, 745.16, "T", "SMD", "U4_18", "", "R", 35.63, 11.02, 0, 0],
		[276, "U4_19", 2345.92, 764.84, "T", "SMD", "U4_19", "", "R", 35.63, 11.02, 0, 0],
		[277, "U4_20", 2345.92, 784.53, "T", "SMD", "U4_20", "", "R", 35.63, 11.02, 0, 0],
		[278, "U4_21", 2345.92, 804.21, "T", "SMD", "U4_21", "", "R", 35.63, 11.02, 0, 0],
		[279, "U4_22", 2311.38, 838.76, "T", "SMD", "U4_22", "", "R", 11.02, 35.63, 0, 0],
		[280, "U4_23", 2291.69, 838.76, "T", "SMD", "U4_23", "", "R", 11.02, 35.63, 0, 0],
		[281, "U4_24", 2272.01, 838.76, "T", "SMD", "U4_24", "", "R", 11.02, 35.63, 0, 0],
		[282, "U4_25", 2252.32, 838.76, "T", "SMD", "CHGD", "", "R", 11.02, 35.63, 0, 0],
		[283, "U4_26", 2232.64, 838.76, "T", "SMD", "CHG", "", "R", 11.02, 35.63, 0, 0],
		[284, "U4_27", 2212.95, 838.76, "T", "SMD", "DSGD", "", "R", 11.02, 35.63, 0, 0],
		[285, "U4_28", 2193.27, 838.76, "T", "SMD", "DSG", "", "R", 11.02, 35.63, 0, 0],
		[286, "U4_29", 2252.32, 745.16, "T", "SMD", "GND", "GND", "R", 131.89, 131.89, 0, 0],
		[287, "U5_1", 2443.07, 900, "T", "SMD", "$1N16122", "", "R", 47.24, 55.12, 0, 0],
		[288, "U5_2", 2576.93, 900, "T", "SMD", "GND", "GND", "R", 47.24, 55.12, 0, 0],
		[289, "U6_1", 1746.97, 230.94, "T", "SMD", "VBAT+", "", "R", 23.62, 66.93, 0, 180],
		[290, "U6_2", 1796.19, 230.94, "T", "SMD", "$1N4198", "", "R", 23.62, 66.93, 0, 180],
		[291, "U6_3", 1845.4, 230.94, "T", "SMD", "$1N4220", "", "R", 23.62, 66.93, 0, 180],
		[292, "U6_4", 1894.61, 230.94, "T", "SMD", "$1N4226", "", "R", 23.62, 66.93, 0, 180],
		[293, "U6_5", 1943.83, 230.94, "T", "SMD", "$1N4232", "", "R", 23.62, 66.93, 0, 180],
		[294, "U6_6", 1993.04, 230.94, "T", "SMD", "POGND", "", "R", 23.62, 66.93, 0, 180],
		[295, "U6_7", 2065.87, 99.06, "T", "SMD", "U6_7", "", "R", 39.37, 110.24, 0, 180],
		[296, "U6_8", 1674.13, 99.06, "T", "SMD", "U6_8", "", "R", 39.37, 110.24, 0, 180],
		[297, "U7_1", 389.84, 336.97, "T", "SMD", "BOOT0", "", "O", 14.33, 68.58, 0, 0],
		[298, "U7_2", 415.43, 336.97, "T", "SMD", "OSC_IN", "", "O", 14.33, 68.58, 0, 0],
		[299, "U7_3", 441.02, 336.97, "T", "SMD", "OSC_OUT", "", "O", 14.33, 68.58, 0, 0],
		[300, "U7_4", 466.61, 336.97, "T", "SMD", "NRST", "", "O", 14.33, 68.58, 0, 0],
		[301, "U7_5", 492.21, 336.97, "T", "SMD", "MCU+3.3V", "", "O", 14.33, 68.58, 0, 0],
		[302, "U7_6", 517.8, 336.97, "T", "SMD", "PA0", "", "O", 14.33, 68.58, 0, 0],
		[303, "U7_7", 543.39, 336.97, "T", "SMD", "LED0", "", "O", 14.33, 68.58, 0, 0],
		[304, "U7_8", 568.98, 336.97, "T", "SMD", "USART_TX", "", "O", 14.33, 68.58, 0, 0],
		[305, "U7_9", 594.57, 336.97, "T", "SMD", "USART_RX", "", "O", 14.33, 68.58, 0, 0],
		[306, "U7_10", 620.16, 336.97, "T", "SMD", "MCUPW_EN", "", "O", 14.33, 68.58, 0, 0],
		[307, "U7_11", 620.16, 563.03, "T", "SMD", "LED4", "", "O", 14.33, 68.58, 0, 0],
		[308, "U7_12", 594.57, 563.03, "T", "SMD", "LED3", "", "O", 14.33, 68.58, 0, 0],
		[309, "U7_13", 568.98, 563.03, "T", "SMD", "LED2", "", "O", 14.33, 68.58, 0, 0],
		[310, "U7_14", 543.39, 563.03, "T", "SMD", "LED1", "", "O", 14.33, 68.58, 0, 0],
		[311, "U7_15", 517.8, 563.03, "T", "SMD", "GND", "GND", "O", 14.33, 68.58, 0, 0],
		[312, "U7_16", 492.21, 563.03, "T", "SMD", "MCU+3.3V", "", "O", 14.33, 68.58, 0, 0],
		[313, "U7_17", 466.61, 563.03, "T", "SMD", "SCL", "", "O", 14.33, 68.58, 0, 0],
		[314, "U7_18", 441.02, 563.03, "T", "SMD", "SDA", "", "O", 14.33, 68.58, 0, 0],
		[315, "U7_19", 415.43, 563.03, "T", "SMD", "SWDIO", "", "O", 14.33, 68.58, 0, 0],
		[316, "U7_20", 389.84, 563.03, "T", "SMD", "SWCLK", "", "O", 14.33, 68.58, 0, 0],
		[317, "U8_1", 321.69, 156.54, "T", "SMD", "OSC_IN", "", "R", 55.12, 47.24, 0, 0],
		[318, "U8_2", 408.31, 156.54, "T", "SMD", "GND", "GND", "R", 55.12, 47.24, 0, 0],
		[319, "U8_3", 408.31, 223.46, "T", "SMD", "OSC_OUT", "", "R", 55.12, 47.24, 0, 0],
		[320, "U8_4", 321.69, 223.46, "T", "SMD", "GND", "GND", "R", 55.12, 47.24, 0, 0],
		[321, "U9_1", 647.6, 821.85, "T", "SMD", "$1N9920", "", "R", 43.31, 23.62, 0, 270],
		[322, "U9_2", 685, 821.85, "T", "SMD", "GND", "GND", "R", 43.31, 23.62, 0, 270],
		[323, "U9_3", 722.4, 821.85, "T", "SMD", "$1N9975", "", "R", 43.31, 23.62, 0, 270],
		[324, "U9_4", 722.4, 928.15, "T", "SMD", "MCUPW_EN", "", "R", 43.31, 23.62, 0, 270],
		[325, "U9_5", 685, 928.15, "T", "SMD", "$1N9618", "", "R", 43.31, 23.62, 0, 270],
		[326, "U9_6", 647.6, 928.15, "T", "SMD", "$1N9847", "", "R", 43.31, 23.62, 0, 270],
		[327, "U10_1", 850, 872.55, "T", "SMD", "$1N9618", "", "R", 31.5, 34.02, 0, 90],
		[328, "U10_2", 850, 817.45, "T", "SMD", "VBAT+", "", "R", 31.5, 34.02, 0, 90],
		[329, "U11_1", 685, 235.85, "T", "SMD", "MCU+3.3V", "", "O", 23.15, 80.51, 0, 0],
		[330, "U11_2", 735, 235.85, "T", "SMD", "$1N26616", "", "O", 23.15, 80.51, 0, 0],
		[331, "U11_3", 785, 235.85, "T", "SMD", "$1N26644", "", "O", 23.15, 80.51, 0, 0],
		[332, "U11_4", 835, 235.85, "T", "SMD", "GND", "GND", "O", 23.15, 80.51, 0, 0],
		[333, "U11_5", 835, 454.15, "T", "SMD", "SGND", "", "O", 23.15, 80.51, 0, 0],
		[334, "U11_6", 785, 454.15, "T", "SMD", "$1N26714", "", "O", 23.15, 80.51, 0, 0],
		[335, "U11_7", 735, 454.15, "T", "SMD", "$1N26707", "", "O", 23.15, 80.51, 0, 0],
		[336, "U11_8", 685, 454.15, "T", "SMD", "S+3.3V", "", "O", 23.15, 80.51, 0, 0],
		[337, "U12_1", 245.94, 458.82, "T", "SMD", "SWCLK", "", "R", 23.62, 66.93, 0, 90],
		[338, "U12_2", 245.94, 409.59, "T", "SMD", "SWDIO", "", "R", 23.62, 66.93, 0, 90],
		[339, "U12_3", 245.94, 360.38, "T", "SMD", "GND", "GND", "R", 23.62, 66.93, 0, 90],
		[340, "U12_4", 245.94, 311.18, "T", "SMD", "MCU+3.3V", "", "R", 23.62, 66.93, 0, 90],
		[341, "U12_5", 114.06, 531.65, "T", "SMD", "GND", "GND", "R", 39.37, 110.24, 0, 90],
		[342, "U12_6", 114.06, 238.34, "T", "SMD", "GND", "GND", "R", 39.37, 110.24, 0, 90],
		[343, "U13_1", 2240, 1110, "T", "DIP", "GND", "GND", "C", 59.05, 59.05, 29.53, 180],
		[344, "U13_1", 2240, 1110, "B", "DIP", "GND", "GND", "C", 59.05, 59.05, 29.53, 180],
		[345, "U13_2", 2140, 1110, "T", "DIP", "$1N36654", "", "C", 59.05, 59.05, 29.53, 180],
		[346, "U13_2", 2140, 1110, "B", "DIP", "$1N36654", "", "C", 59.05, 59.05, 29.53, 180],
		[347, "U14_1", 1135, 1110, "T", "DIP", "GND", "GND", "C", 59.05, 59.05, 29.53, 180],
		[348, "U14_1", 1135, 1110, "B", "DIP", "GND", "GND", "C", 59.05, 59.05, 29.53, 180],
		[349, "U14_2", 1035, 1110, "T", "DIP", "$1N36656", "", "C", 59.05, 59.05, 29.53, 180],
		[350, "U14_2", 1035, 1110, "B", "DIP", "$1N36656", "", "C", 59.05, 59.05, 29.53, 180],
		[351, "U15_1", 1490, 1110, "T", "DIP", "GND", "GND", "C", 59.05, 59.05, 29.53, 180],
		[352, "U15_1", 1490, 1110, "B", "DIP", "GND", "GND", "C", 59.05, 59.05, 29.53, 180],
		[353, "U15_2", 1390, 1110, "T", "DIP", "$1N36650", "", "C", 59.05, 59.05, 29.53, 180],
		[354, "U15_2", 1390, 1110, "B", "DIP", "$1N36650", "", "C", 59.05, 59.05, 29.53, 180],
		[355, "U16_1", 1875, 1110, "T", "DIP", "GND", "GND", "C", 59.05, 59.05, 29.53, 180],
		[356, "U16_1", 1875, 1110, "B", "DIP", "GND", "GND", "C", 59.05, 59.05, 29.53, 180],
		[357, "U16_2", 1775, 1110, "T", "DIP", "$1N36652", "", "C", 59.05, 59.05, 29.53, 180],
		[358, "U16_2", 1775, 1110, "B", "DIP", "$1N36652", "", "C", 59.05, 59.05, 29.53, 180]
	]
}
}